-- phpMyAdmin SQL Dump
-- version 4.8.3
-- https://www.phpmyadmin.net/
--
-- Хост: 127.0.0.1:3306
-- Время создания: Апр 04 2019 г., 22:29
-- Версия сервера: 5.6.41
-- Версия PHP: 5.5.38

SET SQL_MODE = "NO_AUTO_VALUE_ON_ZERO";
SET AUTOCOMMIT = 0;
START TRANSACTION;
SET time_zone = "+00:00";


/*!40101 SET @OLD_CHARACTER_SET_CLIENT=@@CHARACTER_SET_CLIENT */;
/*!40101 SET @OLD_CHARACTER_SET_RESULTS=@@CHARACTER_SET_RESULTS */;
/*!40101 SET @OLD_COLLATION_CONNECTION=@@COLLATION_CONNECTION */;
/*!40101 SET NAMES utf8mb4 */;

--
-- База данных: `smartmapk12`
--

-- --------------------------------------------------------

--
-- Структура таблицы `objects`
--

CREATE TABLE `objects` (
  `id` int(10) NOT NULL,
  `name` varchar(255) NOT NULL,
  `parent` int(10) NOT NULL
) ENGINE=MyISAM DEFAULT CHARSET=utf8;

--
-- Дамп данных таблицы `objects`
--

INSERT INTO `objects` (`id`, `name`, `parent`) VALUES
(1, '1 Серверная', 0),
(2, '2 Серверная', 0),
(3, '3 Серверная', 0),
(4, '4 Серверная', 0),
(5, 'Кондиционер П1', 4),
(6, 'Кондиционер П2', 4),
(7, 'Кондиционер П3', 4),
(8, 'Кондиционер Л1', 4),
(9, 'Кондиционер Л2', 4),
(10, 'Кондиционер Л3', 4);

-- --------------------------------------------------------

--
-- Структура таблицы `sensors`
--

CREATE TABLE `sensors` (
  `id` int(10) NOT NULL,
  `type` varchar(20) NOT NULL,
  `object` int(10) NOT NULL,
  `name` varchar(255) NOT NULL
) ENGINE=MyISAM DEFAULT CHARSET=utf8;

--
-- Дамп данных таблицы `sensors`
--

INSERT INTO `sensors` (`id`, `type`, `object`, `name`) VALUES
(1, 'температура', 1, 'Стойка 1.1'),
(2, 'температура', 2, 'Internal temperature sensor\r\n28c0a880030000b1'),
(51, '', 2, 'Line Present'),
(50, '', 4, 'UPS ON '),
(49, '', 3, 'UPS ON '),
(46, '', 1, 'Overall Status'),
(47, '', 1, 'Battery Status'),
(7, 'температура', 2, 'External temperature sensor 28f4caca030000e9'),
(48, '', 2, 'UPS ON'),
(8, 'температура', 2, 'External temperature sensor 285e74800300006c'),
(9, 'температура', 2, 'External temperature sensor 28976400030000c0'),
(12, '', 5, 'unit state'),
(13, '', 6, 'unit state'),
(14, '', 7, 'unit state'),
(15, '', 8, 'unit state'),
(16, '', 9, 'unit state'),
(18, '', 5, 'Установка'),
(19, '', 6, 'Установка'),
(20, '', 7, 'Установка'),
(21, '', 8, 'Установка'),
(22, '', 9, 'Установка'),
(23, '', 10, 'Установка'),
(24, '', 10, 'unit state'),
(25, 'температура', 5, 'return air 1'),
(26, 'температура', 6, 'return air 1'),
(27, 'температура', 7, 'return air 1'),
(28, 'температура', 8, 'return air 1'),
(29, 'температура', 9, 'return air 1'),
(30, 'температура', 10, 'return air 1'),
(31, 'температура', 1, 'Стойка 1.2'),
(32, 'температура', 1, 'Стойка 1.3'),
(33, 'температура', 1, 'Стойка 1.4'),
(34, 'температура', 1, 'Стойка 1.5'),
(35, 'температура', 1, 'Стойка 1.6'),
(36, 'температура', 1, 'Стойка 1.7'),
(37, 'температура', 1, 'Стойка 1.8'),
(38, 'температура', 1, 'Стойка 1.9'),
(39, 'температура', 1, 'Стойка 1.10'),
(40, 'температура', 1, 'Стойка 1.11'),
(41, 'температура', 1, 'Стойка 1.12'),
(42, 'температура', 1, 'Стойка 1.13'),
(43, 'температура', 1, 'Стойка 1.14'),
(44, 'температура', 1, 'Стойка 1.15'),
(45, 'температура', 1, 'Стойка 1.16'),
(52, '', 3, 'Line Present'),
(53, '', 4, 'Line Present'),
(54, '', 2, 'On Battery'),
(55, '', 3, 'On Battery'),
(56, '', 4, 'On Battery');

-- --------------------------------------------------------

--
-- Структура таблицы `values`
--

CREATE TABLE `values` (
  `id` int(16) NOT NULL,
  `sensor` int(10) NOT NULL,
  `data` varchar(25) NOT NULL,
  `date` datetime NOT NULL
) ENGINE=MyISAM DEFAULT CHARSET=utf8;

--
-- Дамп данных таблицы `values`
--

INSERT INTO `values` (`id`, `sensor`, `data`, `date`) VALUES
(1, 1, '20', '0000-00-00 00:00:00'),
(2, 1, '25', '0000-00-00 00:00:00'),
(3, 1, '40', '0000-00-00 00:00:00'),
(5, 1, '50', '0000-00-00 00:00:00'),
(6, 1, '35', '0000-00-00 00:00:00'),
(7, 1, '30', '0000-00-00 00:00:00'),
(8, 1, '19', '2019-04-04 21:50:27'),
(9, 31, '21', '2019-04-04 21:50:27'),
(10, 32, '21', '2019-04-04 21:50:27'),
(11, 33, '26', '2019-04-04 21:50:27'),
(12, 34, '23', '2019-04-04 21:50:27'),
(13, 35, '22', '2019-04-04 21:50:27'),
(14, 36, '26', '2019-04-04 21:50:27'),
(15, 37, '25', '2019-04-04 21:50:27'),
(16, 38, '19', '2019-04-04 21:50:27'),
(17, 39, '20', '2019-04-04 21:50:27'),
(18, 40, '20', '2019-04-04 21:50:27'),
(19, 41, '21', '2019-04-04 21:50:27'),
(20, 42, '25', '2019-04-04 21:50:27'),
(21, 43, '25', '2019-04-04 21:50:27'),
(22, 44, '18', '2019-04-04 21:50:27'),
(23, 45, '26', '2019-04-04 21:50:27'),
(24, 1, '19', '2019-04-04 21:54:20'),
(25, 31, '21', '2019-04-04 21:54:20'),
(26, 32, '21', '2019-04-04 21:54:20'),
(27, 33, '26', '2019-04-04 21:54:20'),
(28, 34, '23', '2019-04-04 21:54:20'),
(29, 35, '22', '2019-04-04 21:54:20'),
(30, 36, '26', '2019-04-04 21:54:20'),
(31, 37, '25', '2019-04-04 21:54:20'),
(32, 38, '19', '2019-04-04 21:54:20'),
(33, 39, '20', '2019-04-04 21:54:20'),
(34, 40, '20', '2019-04-04 21:54:20'),
(35, 41, '21', '2019-04-04 21:54:20'),
(36, 42, '25', '2019-04-04 21:54:20'),
(37, 43, '25', '2019-04-04 21:54:20'),
(38, 44, '18', '2019-04-04 21:54:20'),
(39, 45, '26', '2019-04-04 21:54:20'),
(40, 1, '18', '2019-04-04 22:03:11'),
(41, 31, '21', '2019-04-04 22:03:11'),
(42, 32, '21', '2019-04-04 22:03:11'),
(43, 33, '26', '2019-04-04 22:03:11'),
(44, 34, '23', '2019-04-04 22:03:11'),
(45, 35, '22', '2019-04-04 22:03:11'),
(46, 36, '26', '2019-04-04 22:03:11'),
(47, 37, '25', '2019-04-04 22:03:11'),
(48, 38, '19', '2019-04-04 22:03:11'),
(49, 39, '20', '2019-04-04 22:03:11'),
(50, 40, '20', '2019-04-04 22:03:11'),
(51, 41, '21', '2019-04-04 22:03:11'),
(52, 42, '25', '2019-04-04 22:03:11'),
(53, 43, '25', '2019-04-04 22:03:11'),
(54, 44, '18', '2019-04-04 22:03:11'),
(55, 45, '26', '2019-04-04 22:03:11'),
(56, 1, '18', '2019-04-04 22:03:33'),
(57, 31, '21', '2019-04-04 22:03:33'),
(58, 32, '21', '2019-04-04 22:03:33'),
(59, 33, '26', '2019-04-04 22:03:33'),
(60, 34, '23', '2019-04-04 22:03:33'),
(61, 35, '22', '2019-04-04 22:03:33'),
(62, 36, '26', '2019-04-04 22:03:33'),
(63, 37, '25', '2019-04-04 22:03:33'),
(64, 38, '20', '2019-04-04 22:03:33'),
(65, 39, '20', '2019-04-04 22:03:33'),
(66, 40, '20', '2019-04-04 22:03:33'),
(67, 41, '21', '2019-04-04 22:03:33'),
(68, 42, '25', '2019-04-04 22:03:33'),
(69, 43, '25', '2019-04-04 22:03:33'),
(70, 44, '18', '2019-04-04 22:03:33'),
(71, 45, '26', '2019-04-04 22:03:33'),
(72, 1, '18', '2019-04-04 22:03:35'),
(73, 31, '21', '2019-04-04 22:03:35'),
(74, 32, '21', '2019-04-04 22:03:35'),
(75, 33, '26', '2019-04-04 22:03:35'),
(76, 34, '23', '2019-04-04 22:03:35'),
(77, 35, '22', '2019-04-04 22:03:35'),
(78, 36, '26', '2019-04-04 22:03:35'),
(79, 37, '25', '2019-04-04 22:03:35'),
(80, 38, '19', '2019-04-04 22:03:35'),
(81, 39, '20', '2019-04-04 22:03:35'),
(82, 40, '20', '2019-04-04 22:03:35'),
(83, 41, '21', '2019-04-04 22:03:35'),
(84, 42, '25', '2019-04-04 22:03:35'),
(85, 43, '25', '2019-04-04 22:03:35'),
(86, 44, '18', '2019-04-04 22:03:35'),
(87, 45, '26', '2019-04-04 22:03:35'),
(88, 1, '18', '2019-04-04 22:03:36'),
(89, 31, '21', '2019-04-04 22:03:36'),
(90, 32, '21', '2019-04-04 22:03:36'),
(91, 33, '26', '2019-04-04 22:03:36'),
(92, 34, '23', '2019-04-04 22:03:36'),
(93, 35, '22', '2019-04-04 22:03:36'),
(94, 36, '26', '2019-04-04 22:03:36'),
(95, 37, '25', '2019-04-04 22:03:36'),
(96, 38, '19', '2019-04-04 22:03:36'),
(97, 39, '20', '2019-04-04 22:03:36'),
(98, 40, '20', '2019-04-04 22:03:36'),
(99, 41, '21', '2019-04-04 22:03:36'),
(100, 42, '25', '2019-04-04 22:03:36'),
(101, 43, '25', '2019-04-04 22:03:36'),
(102, 44, '18', '2019-04-04 22:03:36'),
(103, 45, '26', '2019-04-04 22:03:36'),
(104, 1, '18', '2019-04-04 22:03:36'),
(105, 31, '21', '2019-04-04 22:03:36'),
(106, 32, '21', '2019-04-04 22:03:36'),
(107, 33, '26', '2019-04-04 22:03:36'),
(108, 34, '23', '2019-04-04 22:03:36'),
(109, 35, '22', '2019-04-04 22:03:36'),
(110, 36, '26', '2019-04-04 22:03:36'),
(111, 37, '25', '2019-04-04 22:03:36'),
(112, 38, '19', '2019-04-04 22:03:36'),
(113, 39, '20', '2019-04-04 22:03:36'),
(114, 40, '20', '2019-04-04 22:03:36'),
(115, 41, '21', '2019-04-04 22:03:36'),
(116, 42, '25', '2019-04-04 22:03:36'),
(117, 43, '25', '2019-04-04 22:03:36'),
(118, 44, '18', '2019-04-04 22:03:36'),
(119, 45, '26', '2019-04-04 22:03:36'),
(120, 1, '18', '2019-04-04 22:11:15'),
(121, 31, '21', '2019-04-04 22:11:15'),
(122, 32, '21', '2019-04-04 22:11:15'),
(123, 33, '26', '2019-04-04 22:11:15'),
(124, 34, '23', '2019-04-04 22:11:15'),
(125, 35, '22', '2019-04-04 22:11:15'),
(126, 36, '26', '2019-04-04 22:11:15'),
(127, 37, '25', '2019-04-04 22:11:15'),
(128, 38, '19', '2019-04-04 22:11:15'),
(129, 39, '20', '2019-04-04 22:11:15'),
(130, 40, '20', '2019-04-04 22:11:15'),
(131, 41, '21', '2019-04-04 22:11:15'),
(132, 42, '25', '2019-04-04 22:11:15'),
(133, 43, '25', '2019-04-04 22:11:15'),
(134, 44, '18', '2019-04-04 22:11:15'),
(135, 45, '26', '2019-04-04 22:11:15'),
(136, 1, '18', '2019-04-04 22:11:53'),
(137, 31, '21', '2019-04-04 22:11:53'),
(138, 32, '21', '2019-04-04 22:11:53'),
(139, 33, '26', '2019-04-04 22:11:53'),
(140, 34, '23', '2019-04-04 22:11:53'),
(141, 35, '22', '2019-04-04 22:11:53'),
(142, 36, '26', '2019-04-04 22:11:53'),
(143, 37, '25', '2019-04-04 22:11:53'),
(144, 38, '19', '2019-04-04 22:11:53'),
(145, 39, '20', '2019-04-04 22:11:53'),
(146, 40, '20', '2019-04-04 22:11:53'),
(147, 41, '21', '2019-04-04 22:11:53'),
(148, 42, '25', '2019-04-04 22:11:53'),
(149, 43, '25', '2019-04-04 22:11:53'),
(150, 44, '18', '2019-04-04 22:11:53'),
(151, 45, '26', '2019-04-04 22:11:53'),
(152, 1, '18', '2019-04-04 22:11:54'),
(153, 31, '21', '2019-04-04 22:11:54'),
(154, 32, '21', '2019-04-04 22:11:54'),
(155, 33, '26', '2019-04-04 22:11:54'),
(156, 34, '23', '2019-04-04 22:11:54'),
(157, 35, '22', '2019-04-04 22:11:54'),
(158, 36, '26', '2019-04-04 22:11:54'),
(159, 37, '25', '2019-04-04 22:11:54'),
(160, 38, '19', '2019-04-04 22:11:54'),
(161, 39, '20', '2019-04-04 22:11:54'),
(162, 40, '20', '2019-04-04 22:11:54'),
(163, 41, '21', '2019-04-04 22:11:54'),
(164, 42, '25', '2019-04-04 22:11:54'),
(165, 43, '25', '2019-04-04 22:11:54'),
(166, 44, '18', '2019-04-04 22:11:54'),
(167, 45, '26', '2019-04-04 22:11:54'),
(168, 1, '18', '2019-04-04 22:11:55'),
(169, 31, '21', '2019-04-04 22:11:55'),
(170, 32, '21', '2019-04-04 22:11:55'),
(171, 33, '26', '2019-04-04 22:11:55'),
(172, 34, '23', '2019-04-04 22:11:55'),
(173, 35, '22', '2019-04-04 22:11:55'),
(174, 36, '26', '2019-04-04 22:11:55'),
(175, 37, '25', '2019-04-04 22:11:55'),
(176, 38, '19', '2019-04-04 22:11:55'),
(177, 39, '20', '2019-04-04 22:11:55'),
(178, 40, '20', '2019-04-04 22:11:55'),
(179, 41, '21', '2019-04-04 22:11:55'),
(180, 42, '25', '2019-04-04 22:11:55'),
(181, 43, '25', '2019-04-04 22:11:55'),
(182, 44, '18', '2019-04-04 22:11:55'),
(183, 45, '26', '2019-04-04 22:11:55');

--
-- Индексы сохранённых таблиц
--

--
-- Индексы таблицы `objects`
--
ALTER TABLE `objects`
  ADD PRIMARY KEY (`id`);

--
-- Индексы таблицы `sensors`
--
ALTER TABLE `sensors`
  ADD PRIMARY KEY (`id`);

--
-- Индексы таблицы `values`
--
ALTER TABLE `values`
  ADD PRIMARY KEY (`id`);

--
-- AUTO_INCREMENT для сохранённых таблиц
--

--
-- AUTO_INCREMENT для таблицы `objects`
--
ALTER TABLE `objects`
  MODIFY `id` int(10) NOT NULL AUTO_INCREMENT, AUTO_INCREMENT=11;

--
-- AUTO_INCREMENT для таблицы `sensors`
--
ALTER TABLE `sensors`
  MODIFY `id` int(10) NOT NULL AUTO_INCREMENT, AUTO_INCREMENT=57;

--
-- AUTO_INCREMENT для таблицы `values`
--
ALTER TABLE `values`
  MODIFY `id` int(16) NOT NULL AUTO_INCREMENT, AUTO_INCREMENT=184;
COMMIT;

/*!40101 SET CHARACTER_SET_CLIENT=@OLD_CHARACTER_SET_CLIENT */;
/*!40101 SET CHARACTER_SET_RESULTS=@OLD_CHARACTER_SET_RESULTS */;
/*!40101 SET COLLATION_CONNECTION=@OLD_COLLATION_CONNECTION */;
